fn,status,as_id,id
lid_1643919420456_1_JPEG_20220204_014513.jpg,,0001e0b052--61fc36d76ba4b13c7dcb2a38,ru.5ba39583-d751-490b-b26e-df9246e5c561
lid_1643919327460_1_JPEG_20220203_231504.jpg,,0001e0b052--61fc373338988537973440d4,ru.988de574-143b-4c5a-a85d-aba81a38257e
lid_1643919272087_1_JPEG_20220203_231326.jpg,,0001e0b052--61fc3757fa1ea900a5608a30,ru.9fdf18e3-8959-40cf-b0fc-75023a5483a2
lid_1643919441192_1_JPEG_20220203_171556.jpg,,0001e0b052--61fc37f9542c3b43073186bc,ru.739dbc2a-6068-4800-9554-d9e7ba9358c0
lid_1643920153491_1_JPEG_20220203_202856.jpg,,0001e0b052--61fc3b060df993362bcf1b32,ru.562c6ac4-2ce5-41c0-92c3-96a2ac2805ba
lid_1643920297991_1_JPEG_20220203_213004.jpg,,0001e0b052--61fc3b27c8459e7293c8b579,ru.c2cc24e0-b417-45c7-bfd2-0b3d50cec527
lid_1643920205283_1_JPEG_20220203_152939.jpg,,0001e0b052--61fc3b2f5777875c169eb2cb,ru.ca3ac806-6142-4d15-a827-0de0f6d5a3bf
lid_1643920550236_1_JPEG_20220203_233530.jpg,,0001e0b052--61fc3c8930a0c937d50184aa,ru.c86a86b9-fc24-4abb-b49f-da0816f242b8
lid_1643920786371_1_JPEG_20220203_213906.jpg,,0001e0b052--61fc3d63d46b213297442a03,ru.9a117d23-00d6-4462-a019-508bc869a487
lid_1643921228394_1_JPEG_20220203_234634.jpg,,0001e0b052--61fc3e0342773f78b0a39810,ru.a075c9c9-6409-4e64-a240-3d577110c695
lid_1643921054501_1_JPEG_20220204_014238.jpg,,0001e0b052--61fc3e3389d7190cb1c0b096,ru.eb256dfc-7c36-4bee-8e29-3dab42761766
lid_1643921080327_3_JPEG_20220204_021327.jpg,,0001e0b052--61fc3e6889f991187ae07100,ru.0398cc7d-8540-44ba-8972-0345ee86de35
lid_1643921437036_3_JPEG_20220203_235023.jpg,,0001e0b052--61fc3f665ca55d0d8b43a602,ru.e8507069-35cc-48f2-8195-8fac8b987c45
lid_1643921405581_1_JPEG_20220203_234948.jpg,,0001e0b052--61fc3f9928912e390ea2fc10,ru.b5486c87-1e45-4245-83fa-db6efe2d824a
lid_1643921948846_1_JPEG_20220203_235847.jpg,,0001e0b052--61fc41b3298c441ae74185ae,ru.e8c2da56-1d64-4da0-bc0c-d8f8612a54fe
lid_1643922263960_1_JPEG_20220203_230408.jpg,,0001e0b052--61fc42b430815911afc3ec49,ru.07de3192-6b2a-49b5-ab20-e3229aa0d631
lid_1643922361667_1_JPEG_20220203_220548.jpg,,0001e0b052--61fc43316c3c991ae8c69b95,ru.1f605cda-394f-432b-88e9-efc36a2d1541
